2023_12_21_00_07_25_953092_cat_detected.jpg,y
2023_12_21_00_07_28_754026_cat_detected.jpg,y
2023_12_21_00_07_29_471742_cat_detected.jpg,n
2023_12_21_00_07_30_953092_cat_detected.jpg,E
2023_12_21_00_49_19_517815_cat_detected.jpg,n
2023_12_21_00_49_47_235962_cat_detected.jpg,n
2023_12_21_00_54_51_336364_cat_detected.jpg,n
2023_12_21_00_54_53_303545_cat_detected.jpg,n
2023_12_21_00_54_54_092073_cat_detected.jpg,n
2023_12_21_00_54_55_578897_cat_detected.jpg,n
2023_12_21_01_00_54_236460_cat_detected.jpg,y
2023_12_21_01_00_56_143100_cat_detected.jpg,y
2023_12_21_01_01_00_422258_cat_detected.jpg,n
2023_12_21_01_09_47_051499_cat_detected.jpg,n
2023_12_21_02_10_01_994719_cat_detected.jpg,n
2023_12_21_02_10_04_297525_cat_detected.jpg,n
2023_12_21_02_10_05_289168_cat_detected.jpg,n
2023_12_21_02_10_05_935309_cat_detected.jpg,n
2023_12_21_02_10_06_813124_cat_detected.jpg,n
2023_12_21_02_25_42_931723_cat_detected.jpg,n
2023_12_21_02_32_28_877038_cat_detected.jpg,n
2023_12_21_02_32_32_184409_cat_detected.jpg,n
2023_12_21_02_32_33_260245_cat_detected.jpg,n
2023_12_21_02_41_20_967324_cat_detected.jpg,y
2023_12_21_03_41_29_416422_cat_detected.jpg,n
2023_12_21_03_41_33_086112_cat_detected.jpg,n
2023_12_21_03_41_34_551730_cat_detected.jpg,n
2023_12_21_03_41_35_494576_cat_detected.jpg,n
2023_12_21_03_41_37_016227_cat_detected.jpg,n
2023_12_21_03_41_38_590781_cat_detected.jpg,n
2023_12_21_03_41_39_937652_cat_detected.jpg,n
2023_12_21_03_41_41_005734_cat_detected.jpg,n
2023_12_21_03_56_37_656708_cat_detected.jpg,n
2023_12_21_03_59_56_335141_cat_detected.jpg,n
2023_12_21_04_05_44_666954_cat_detected.jpg,n
2023_12_21_04_05_49_085513_cat_detected.jpg,n
2023_12_21_04_19_20_487369_cat_detected.jpg,n
2023_12_21_04_26_41_307497_cat_detected.jpg,y
2023_12_21_04_26_43_157607_cat_detected.jpg,n
2023_12_21_04_58_50_938727_cat_detected.jpg,n
2023_12_21_05_06_23_267332_cat_detected.jpg,n
2023_12_21_05_06_25_561985_cat_detected.jpg,n
2023_12_21_05_11_43_090374_cat_detected.jpg,y
2023_12_21_05_11_44_671068_cat_detected.jpg,y
2023_12_21_05_14_45_785846_cat_detected.jpg,n
2023_12_21_06_50_23_388857_cat_detected.jpg,y
2023_12_21_06_50_26_129435_cat_detected.jpg,y
2023_12_21_07_29_02_197770_cat_detected.jpg,y
2023_12_21_07_29_04_078717_cat_detected.jpg,y
2023_12_21_10_24_03_477412_cat_detected.jpg,n
2023_12_21_10_45_33_501796_cat_detected.jpg,y
2023_12_21_12_24_10_540546_cat_detected.jpg,n
2023_12_21_14_31_38_650611_cat_detected.jpg,y
2023_12_21_14_39_06_546970_cat_detected.jpg,n
2023_12_21_14_53_26_694100_cat_detected.jpg,n
2023_12_21_14_58_47_490822_cat_detected.jpg,y
2023_12_21_15_06_19_754114_cat_detected.jpg,n
2023_12_21_15_23_48_798474_cat_detected.jpg,n
2023_12_21_16_21_05_853728_cat_detected.jpg,n
2023_12_21_16_31_26_444731_cat_detected.jpg,n
2023_12_21_16_58_57_578424_cat_detected.jpg,n
2023_12_21_19_02_41_085169_cat_detected.jpg,n
2023_12_21_19_09_09_992465_cat_detected.jpg,n
2023_12_21_19_09_11_703791_cat_detected.jpg,n
2023_12_21_19_19_57_584489_cat_detected.jpg,n
2023_12_21_19_20_01_365145_cat_detected.jpg,n
2023_12_21_20_25_12_314039_cat_detected.jpg,n
2023_12_21_21_08_01_239331_cat_detected.jpg,n
2023_12_21_21_10_34_973715_cat_detected.jpg,n
2023_12_21_22_12_09_203311_cat_detected.jpg,n
2023_12_21_22_13_32_915323_cat_detected.jpg,y
2023_12_21_22_13_36_586624_cat_detected.jpg,n
2023_12_22_01_51_30_024653_cat_detected.jpg,y
2023_12_22_02_35_00_392258_cat_detected.jpg,n
2023_12_22_02_42_16_962292_cat_detected.jpg,n
2023_12_22_02_42_53_233860_cat_detected.jpg,n
2023_12_22_03_33_29_342741_cat_detected.jpg,n
2023_12_22_03_37_39_152913_cat_detected.jpg,y
2023_12_22_03_37_41_393217_cat_detected.jpg,y
2023_12_22_03_38_44_489597_cat_detected.jpg,p
2023_12_22_03_38_49_240803_cat_detected.jpg,n
2023_12_22_05_13_39_115024_cat_detected.jpg,n
2023_12_22_05_56_27_154571_cat_detected.jpg,n
2023_12_22_10_06_18_736229_cat_detected.jpg,n
2023_12_22_10_41_57_826738_cat_detected.jpg,n
2023_12_22_11_04_54_434949_cat_detected.jpg,n
2023_12_22_16_06_56_316641_cat_detected.jpg,n
2023_12_22_16_07_47_431215_cat_detected.jpg,y
2023_12_22_16_07_49_943820_cat_detected.jpg,y
2023_12_22_16_07_50_551061_cat_detected.jpg,y
2023_12_22_16_07_51_492389_cat_detected.jpg,n
2023_12_22_16_07_51_983642_cat_detected.jpg,n
2023_12_22_16_07_52_638273_cat_detected.jpg,n
2023_12_22_16_07_53_223248_cat_detected.jpg,y
2023_12_22_16_07_54_011532_cat_detected.jpg,y
2023_12_22_16_07_54_902191_cat_detected.jpg,y
2023_12_22_16_07_55_657343_cat_detected.jpg,y
2023_12_22_16_07_56_452581_cat_detected.jpg,y
2023_12_22_16_07_57_288952_cat_detected.jpg,y
2023_12_22_16_07_58_162630_cat_detected.jpg,y
2023_12_22_16_07_59_095715_cat_detected.jpg,n
2023_12_22_16_08_00_051920_cat_detected.jpg,n
2023_12_22_16_08_00_803908_cat_detected.jpg,y
2023_12_22_16_08_02_061710_cat_detected.jpg,y
2023_12_22_16_08_07_182778_cat_detected.jpg,y
2023_12_22_16_08_08_153196_cat_detected.jpg,y
2023_12_22_16_08_08_853495_cat_detected.jpg,y
2023_12_22_16_08_09_498929_cat_detected.jpg,y
2023_12_22_16_08_10_291773_cat_detected.jpg,y
2023_12_22_16_14_02_935720_cat_detected.jpg,n
2023_12_22_16_14_07_821458_cat_detected.jpg,n
2023_12_22_16_14_09_492983_cat_detected.jpg,n
2023_12_22_16_14_11_781227_cat_detected.jpg,n
2023_12_22_16_14_12_858242_cat_detected.jpg,n
2023_12_22_16_14_14_791409_cat_detected.jpg,n
2023_12_22_16_14_17_843169_cat_detected.jpg,n
2023_12_22_16_14_20_020826_cat_detected.jpg,n
2023_12_22_16_14_21_967171_cat_detected.jpg,n
2023_12_22_16_14_24_336619_cat_detected.jpg,n
2023_12_22_16_14_26_927178_cat_detected.jpg,n
2023_12_22_16_14_28_412682_cat_detected.jpg,n
2023_12_22_16_14_29_433493_cat_detected.jpg,n
2023_12_22_16_14_30_582525_cat_detected.jpg,n
2023_12_22_16_14_31_520818_cat_detected.jpg,n
2023_12_22_16_14_32_513169_cat_detected.jpg,n
2023_12_22_16_14_33_458874_cat_detected.jpg,n
2023_12_22_16_14_34_352856_cat_detected.jpg,n
2023_12_22_16_14_35_336729_cat_detected.jpg,n
2023_12_22_16_14_36_744818_cat_detected.jpg,n
2023_12_22_16_14_37_769116_cat_detected.jpg,n
2023_12_22_16_14_38_651569_cat_detected.jpg,n
2023_12_22_16_14_39_486118_cat_detected.jpg,n
2023_12_22_16_14_41_085473_cat_detected.jpg,n
2023_12_22_16_14_42_106414_cat_detected.jpg,n
2023_12_22_16_14_42_977249_cat_detected.jpg,n
2023_12_22_16_14_47_672550_cat_detected.jpg,n
2023_12_22_16_14_49_158719_cat_detected.jpg,n
2023_12_22_16_14_50_150912_cat_detected.jpg,n
2023_12_22_16_14_51_078194_cat_detected.jpg,n
2023_12_22_16_14_52_113955_cat_detected.jpg,n
2023_12_22_16_14_53_048445_cat_detected.jpg,n
2023_12_22_16_14_54_400954_cat_detected.jpg,n
2023_12_22_16_14_57_457023_cat_detected.jpg,n
2023_12_22_16_15_00_405020_cat_detected.jpg,n
2023_12_22_16_15_02_073231_cat_detected.jpg,n
2023_12_22_16_15_03_840636_cat_detected.jpg,n
2023_12_22_16_18_38_880165_cat_detected.jpg,y
2023_12_22_16_28_14_832026_cat_detected.jpg,n
2023_12_22_16_39_35_182660_cat_detected.jpg,n
2023_12_22_16_53_32_772563_cat_detected.jpg,y
2023_12_22_16_53_47_738572_cat_detected.jpg,y
2023_12_22_16_53_49_160840_cat_detected.jpg,y
2023_12_22_16_53_51_404685_cat_detected.jpg,n
2023_12_22_18_00_37_187716_cat_detected.jpg,n
2023_12_22_18_00_39_776651_cat_detected.jpg,n
2023_12_22_18_07_10_966907_cat_detected.jpg,n
2023_12_22_18_33_27_221419_cat_detected.jpg,y
2023_12_22_18_33_28_258441_cat_detected.jpg,y
2023_12_22_18_33_29_319714_cat_detected.jpg,n
2023_12_22_18_33_32_378111_cat_detected.jpg,n
2023_12_22_18_47_11_263176_cat_detected.jpg,n
2023_12_22_18_47_13_961603_cat_detected.jpg,n
2023_12_22_18_47_15_256140_cat_detected.jpg,n
2023_12_22_18_47_16_714542_cat_detected.jpg,n
2023_12_22_18_47_19_672662_cat_detected.jpg,n
2023_12_22_18_47_21_073658_cat_detected.jpg,n
2023_12_22_18_47_21_909292_cat_detected.jpg,n
2023_12_22_18_47_22_848573_cat_detected.jpg,n
2023_12_22_18_47_23_688217_cat_detected.jpg,n
2023_12_22_18_47_24_586596_cat_detected.jpg,n
2023_12_22_18_48_52_034325_cat_detected.jpg,n
2023_12_22_18_55_44_833763_cat_detected.jpg,y
2023_12_22_18_55_46_627927_cat_detected.jpg,y
2023_12_22_18_56_40_226246_cat_detected.jpg,y
2023_12_22_18_56_44_691046_cat_detected.jpg,y
2023_12_22_18_56_45_683736_cat_detected.jpg,n
2023_12_22_19_04_24_758955_cat_detected.jpg,y
2023_12_22_19_04_26_930462_cat_detected.jpg,n
2023_12_22_19_04_30_574700_cat_detected.jpg,y
2023_12_22_19_04_35_000668_cat_detected.jpg,y
2023_12_22_19_06_22_732251_cat_detected.jpg,n
2023_12_22_20_48_05_442397_cat_detected.jpg,n
2023_12_22_20_48_31_731527_cat_detected.jpg,n
2023_12_22_20_48_33_702877_cat_detected.jpg,n
2023_12_22_20_53_15_563727_cat_detected.jpg,n
2023_12_22_20_59_10_558270_cat_detected.jpg,n
2023_12_22_21_57_28_540073_cat_detected.jpg,n
2023_12_22_21_57_31_144831_cat_detected.jpg,n
2023_12_22_22_43_41_720074_cat_detected.jpg,n
2023_12_22_22_49_19_910663_cat_detected.jpg,n
2023_12_22_22_49_21_848286_cat_detected.jpg,n
2023_12_22_23_04_13_075997_cat_detected.jpg,n
2023_12_22_23_04_14_788731_cat_detected.jpg,n
2023_12_22_23_04_16_010535_cat_detected.jpg,n
2023_12_22_23_18_18_215500_cat_detected.jpg,n
2023_12_23_00_56_33_383649_cat_detected.jpg,n
2023_12_23_01_03_17_587270_cat_detected.jpg,n
2023_12_23_01_17_16_765824_cat_detected.jpg,y
2023_12_23_02_34_42_949721_cat_detected.jpg,n
2023_12_23_02_34_46_752234_cat_detected.jpg,n
2023_12_23_03_23_31_371280_cat_detected.jpg,n
2023_12_23_03_25_44_184670_cat_detected.jpg,n
2023_12_23_04_02_46_169820_cat_detected.jpg,y
2023_12_23_04_02_48_196833_cat_detected.jpg,n
2023_12_23_04_17_45_468219_cat_detected.jpg,n
2023_12_23_04_25_54_792220_cat_detected.jpg,y
2023_12_23_04_25_56_314501_cat_detected.jpg,y
2023_12_23_04_26_21_551203_cat_detected.jpg,y
2023_12_23_04_36_49_129936_cat_detected.jpg,y
2023_12_23_04_36_50_682010_cat_detected.jpg,y
2023_12_23_04_36_51_958789_cat_detected.jpg,n
2023_12_23_04_44_05_284671_cat_detected.jpg,n
2023_12_23_04_44_07_942989_cat_detected.jpg,n
2023_12_23_04_47_30_755056_cat_detected.jpg,y
2023_12_23_04_47_31_501706_cat_detected.jpg,y
2023_12_23_04_47_32_126215_cat_detected.jpg,y
2023_12_23_04_47_33_892971_cat_detected.jpg,n
2023_12_23_04_48_19_143103_cat_detected.jpg,y
2023_12_23_04_48_21_852900_cat_detected.jpg,y
2023_12_23_04_48_28_710644_cat_detected.jpg,n
2023_12_23_04_56_38_354408_cat_detected.jpg,n
2023_12_23_04_56_41_030403_cat_detected.jpg,n
2023_12_23_05_43_20_327517_cat_detected.jpg,p
2023_12_23_05_58_06_096443_cat_detected.jpg,y
2023_12_23_05_58_08_249809_cat_detected.jpg,y
2023_12_23_05_58_08_889804_cat_detected.jpg,n
2023_12_23_06_39_13_987914_cat_detected.jpg,n
2023_12_23_06_39_30_208680_cat_detected.jpg,n
2023_12_23_06_52_45_231956_cat_detected.jpg,n
2023_12_23_07_01_25_477472_cat_detected.jpg,y
2023_12_23_07_01_26_863873_cat_detected.jpg,y
2023_12_23_07_01_28_487475_cat_detected.jpg,n
2023_12_23_07_07_22_685983_cat_detected.jpg,y
2023_12_23_07_07_24_456001_cat_detected.jpg,y
2023_12_23_07_07_26_356241_cat_detected.jpg,n
2023_12_23_07_07_30_530901_cat_detected.jpg,n
2023_12_23_07_39_33_788585_cat_detected.jpg,n
2023_12_23_07_50_37_520785_cat_detected.jpg,n
2023_12_23_08_17_31_047566_cat_detected.jpg,n
2023_12_23_09_16_06_896278_cat_detected.jpg,n
2023_12_23_09_52_31_073333_cat_detected.jpg,y
2023_12_23_09_52_31_886682_cat_detected.jpg,y
2023_12_23_10_18_44_874068_cat_detected.jpg,y
2023_12_23_11_18_47_082025_cat_detected.jpg,y
2023_12_23_11_18_49_753245_cat_detected.jpg,n
2023_12_23_11_18_50_324978_cat_detected.jpg,n
2023_12_23_11_18_51_183324_cat_detected.jpg,n
2023_12_23_11_18_51_742157_cat_detected.jpg,n
2023_12_23_11_18_52_581420_cat_detected.jpg,n
2023_12_23_11_18_53_332255_cat_detected.jpg,y
2023_12_23_11_18_53_958563_cat_detected.jpg,y
2023_12_23_11_18_54_608565_cat_detected.jpg,n
2023_12_23_11_46_02_792136_cat_detected.jpg,n
2023_12_23_13_18_21_014173_cat_detected.jpg,n
2023_12_23_14_41_00_944164_cat_detected.jpg,n
2023_12_23_14_46_23_864065_cat_detected.jpg,n
2023_12_23_14_52_01_578813_cat_detected.jpg,n
2023_12_23_14_55_38_816751_cat_detected.jpg,n
2023_12_23_15_50_03_280040_cat_detected.jpg,n
2023_12_23_15_50_23_879733_cat_detected.jpg,n
2023_12_23_15_50_24_814172_cat_detected.jpg,n
2023_12_23_15_51_53_570391_cat_detected.jpg,n
2023_12_23_15_54_03_962527_cat_detected.jpg,y
2023_12_23_15_57_58_510736_cat_detected.jpg,n
2023_12_23_17_26_46_544491_cat_detected.jpg,y
2023_12_23_17_26_49_421948_cat_detected.jpg,y
2023_12_23_18_06_51_504225_cat_detected.jpg,n
2023_12_23_18_10_56_781754_cat_detected.jpg,n
2023_12_23_18_10_59_835752_cat_detected.jpg,n
2023_12_23_18_16_43_100500_cat_detected.jpg,y
2023_12_23_18_16_44_764700_cat_detected.jpg,n
2023_12_23_18_16_57_709663_cat_detected.jpg,n
2023_12_23_19_25_14_344850_cat_detected.jpg,n
2023_12_23_19_48_47_036690_cat_detected.jpg,n
2023_12_23_19_48_50_875266_cat_detected.jpg,n
2023_12_23_19_48_52_252049_cat_detected.jpg,n
2023_12_23_19_50_05_536185_cat_detected.jpg,n
2023_12_23_19_50_08_001355_cat_detected.jpg,n
2023_12_23_19_50_08_924004_cat_detected.jpg,n
2023_12_23_19_50_09_621806_cat_detected.jpg,n
2023_12_23_19_50_10_507533_cat_detected.jpg,n
2023_12_23_19_50_11_681458_cat_detected.jpg,n
2023_12_23_20_27_27_281832_cat_detected.jpg,n
2023_12_23_22_11_19_416596_cat_detected.jpg,n
2023_12_23_22_16_42_517890_cat_detected.jpg,n
2023_12_23_22_21_39_544066_cat_detected.jpg,n
2023_12_23_23_21_27_066000_cat_detected.jpg,n
2023_12_23_23_21_29_554416_cat_detected.jpg,n
2023_12_23_23_26_34_500266_cat_detected.jpg,n
2023_12_23_23_31_44_774625_cat_detected.jpg,y
2023_12_23_23_31_47_259271_cat_detected.jpg,y
2024_02_29_17_21_31_137830_cat_detected.jpg,x
2024_02_29_18_55_25_761756_cat_detected.jpg,x
2024_02_29_19_05_54_419685_cat_detected.jpg,x
2024_02_29_19_05_55_146856_cat_detected.jpg,x
2024_02_29_19_05_55_856762_cat_detected.jpg,x
2024_02_29_19_10_32_129317_cat_detected.jpg,x
2024_02_29_19_10_32_453437_cat_detected.jpg,x
2024_02_29_19_10_32_723687_cat_detected.jpg,x
2024_02_29_19_10_33_028493_cat_detected.jpg,x
2024_02_29_19_10_33_312657_cat_detected.jpg,x
2024_02_29_19_41_35_074764_cat_detected.jpg,x
2024_02_29_20_10_32_376816_cat_detected.jpg,y
2024_02_29_20_11_45_518281_cat_detected.jpg,n
2024_02_29_20_12_15_227803_cat_detected.jpg,n
2024_02_29_20_12_15_422887_cat_detected.jpg,n
2024_02_29_20_12_42_409110_cat_detected.jpg,y
2024_02_29_20_12_51_718583_cat_detected.jpg,y
2024_02_29_20_13_05_282203_cat_detected.jpg,y
2024_02_29_20_13_05_501089_cat_detected.jpg,y
2024_02_29_20_13_05_885363_cat_detected.jpg,y
2024_02_29_21_44_16_895577_cat_detected.jpg,y
2024_02_29_21_44_17_813025_cat_detected.jpg,y
2024_02_29_21_45_28_884039_cat_detected.jpg,y
2024_02_29_21_45_48_664274_cat_detected.jpg,y
2024_02_29_21_45_48_843065_cat_detected.jpg,y
2024_02_29_21_45_49_018903_cat_detected.jpg,y
2024_02_29_21_45_53_571660_cat_detected.jpg,y
2024_02_29_22_15_05_331653_cat_detected.jpg,n
2024_03_01_14_47_39_715503_cat_detected.jpg,y
2024_03_01_19_02_12_746700_cat_detected.jpg,y
2024_03_01_19_02_12_927612_cat_detected.jpg,y
2024_03_01_19_49_11_828312_cat_detected.jpg,y
2024_03_01_19_49_12_007108_cat_detected.jpg,y
2024_03_01_19_49_12_184233_cat_detected.jpg,y
2024_03_01_22_36_03_945329_cat_detected.jpg,y
2024_03_01_22_36_04_115445_cat_detected.jpg,y
2024_03_01_22_36_04_823104_cat_detected.jpg,y
2024_03_02_12_07_58_767531_cat_detected.jpg,n
2024_03_02_15_03_47_790776_cat_detected.jpg,n
2024_03_02_20_51_58_673734_cat_detected.jpg,n
2024_03_02_20_58_37_221630_cat_detected.jpg,y
2024_03_02_20_58_37_378557_cat_detected.jpg,y
2024_03_02_20_58_37_534578_cat_detected.jpg,y
2024_03_02_20_58_37_685309_cat_detected.jpg,y
2024_03_02_20_58_37_835835_cat_detected.jpg,y
2024_03_02_20_58_37_986155_cat_detected.jpg,y
2024_03_02_20_58_43_844167_cat_detected.jpg,y
2024_03_02_22_23_27_287354_cat_detected.jpg,y
2024_03_02_23_00_52_756378_cat_detected.jpg,y
2024_03_02_23_00_52_951390_cat_detected.jpg,y
2024_03_02_23_00_53_155708_cat_detected.jpg,y
2024_03_02_23_00_53_355670_cat_detected.jpg,y
2024_03_02_23_00_53_553089_cat_detected.jpg,y
2024_03_02_23_00_53_750317_cat_detected.jpg,y
2024_03_02_23_00_55_201504_cat_detected.jpg,y
2024_03_02_23_00_55_402154_cat_detected.jpg,y
2024_03_02_23_00_55_599005_cat_detected.jpg,y
2024_03_02_23_00_55_796530_cat_detected.jpg,y
2024_03_02_23_00_55_990492_cat_detected.jpg,y
2024_03_02_23_00_59_005915_cat_detected.jpg,y
2024_03_02_23_00_59_253829_cat_detected.jpg,y
2024_03_02_23_00_59_448824_cat_detected.jpg,y
2024_03_02_23_00_59_642663_cat_detected.jpg,y
2024_03_02_23_00_59_839375_cat_detected.jpg,y
2024_03_02_23_01_00_031180_cat_detected.jpg,y
2024_03_02_23_01_00_223872_cat_detected.jpg,y
2024_03_02_23_01_02_736343_cat_detected.jpg,y
2024_03_02_23_01_02_935898_cat_detected.jpg,y
2024_03_02_23_01_03_128024_cat_detected.jpg,y
2024_03_02_23_01_03_321804_cat_detected.jpg,y
2024_03_02_23_01_03_516578_cat_detected.jpg,y
2024_03_02_23_49_40_200182_cat_detected.jpg,n
2024_03_03_00_47_58_060985_cat_detected.jpg,y
2024_03_03_00_47_59_049397_cat_detected.jpg,y
2024_03_03_00_47_59_194755_cat_detected.jpg,y
2024_03_03_10_05_19_953104_cat_detected.jpg,n
2024_03_03_10_16_30_408471_cat_detected.jpg,y
2024_03_03_15_48_48_068894_cat_detected.jpg,y
2024_03_03_15_48_53_559108_cat_detected.jpg,y
2024_03_03_17_20_40_470558_cat_detected.jpg,n
2024_03_03_17_29_14_611617_cat_detected.jpg,n
2024_03_03_17_29_15_712524_cat_detected.jpg,n
2024_03_03_17_29_16_779949_cat_detected.jpg,n
2024_03_03_17_29_21_092676_cat_detected.jpg,n
2024_03_03_17_29_23_995569_cat_detected.jpg,n
2024_03_03_17_29_26_073156_cat_detected.jpg,n
2024_03_03_17_29_26_728691_cat_detected.jpg,n
2024_03_03_17_29_29_632466_cat_detected.jpg,n
2024_03_03_17_29_30_291501_cat_detected.jpg,n
2024_03_03_17_29_31_388784_cat_detected.jpg,n
2024_03_03_17_30_00_044959_cat_detected.jpg,n
2024_03_03_17_58_40_008603_cat_detected.jpg,n
2024_03_03_17_58_40_657635_cat_detected.jpg,n
2024_03_03_17_58_41_097354_cat_detected.jpg,n
2024_03_04_06_21_20_729176_cat_detected.jpg,y
2024_03_04_06_21_23_691765_cat_detected.jpg,n
2024_03_04_15_29_40_109239_cat_detected.jpg,n
2024_03_04_15_29_43_096833_cat_detected.jpg,n
2024_03_04_15_29_44_296071_cat_detected.jpg,n
2024_03_04_15_29_44_986636_cat_detected.jpg,n
2024_03_04_15_29_46_169790_cat_detected.jpg,n
2024_03_04_15_29_46_380486_cat_detected.jpg,n
2024_03_04_15_29_48_157392_cat_detected.jpg,n
2024_03_04_15_29_48_354640_cat_detected.jpg,n
2024_03_04_15_29_48_549113_cat_detected.jpg,n
2024_03_04_15_29_48_910711_cat_detected.jpg,n
2024_03_04_15_29_49_107947_cat_detected.jpg,n
2024_03_04_15_29_49_798818_cat_detected.jpg,n
2024_03_04_15_29_51_408763_cat_detected.jpg,n
2024_03_04_15_29_51_616284_cat_detected.jpg,n
2024_03_04_15_29_51_819629_cat_detected.jpg,n
2024_03_04_15_29_52_195113_cat_detected.jpg,n
2024_03_04_15_29_52_555485_cat_detected.jpg,n
2024_03_04_15_29_53_575648_cat_detected.jpg,n
2024_03_04_15_29_54_856213_cat_detected.jpg,n
2024_03_04_15_29_55_386553_cat_detected.jpg,n
2024_03_04_15_29_55_586764_cat_detected.jpg,n
2024_03_04_20_22_36_350814_cat_detected.jpg,y
2024_03_04_21_31_19_975077_cat_detected.jpg,y
2024_03_04_21_31_20_127073_cat_detected.jpg,y
2024_03_04_21_31_20_629137_cat_detected.jpg,y
2024_03_04_21_31_20_910681_cat_detected.jpg,y
2024_03_04_21_31_21_062075_cat_detected.jpg,y
2024_03_04_21_31_21_209580_cat_detected.jpg,y
2024_03_05_04_23_15_054302_cat_detected.jpg,y
2024_03_05_06_35_22_044323_cat_detected.jpg,y
2024_03_05_09_17_37_978329_cat_detected.jpg,y
2024_03_05_09_17_38_253942_cat_detected.jpg,y
2024_03_05_10_08_58_259317_cat_detected.jpg,y
2024_03_05_10_08_58_462578_cat_detected.jpg,y
2024_03_05_10_08_58_840557_cat_detected.jpg,y
2024_03_05_12_41_04_515048_cat_detected.jpg,n
2024_03_05_12_41_05_560104_cat_detected.jpg,n
2024_03_05_12_41_05_930665_cat_detected.jpg,n
2024_03_05_12_41_06_129562_cat_detected.jpg,n
2024_03_05_12_41_06_325986_cat_detected.jpg,n
2024_03_05_12_41_06_856665_cat_detected.jpg,n
2024_03_05_13_39_18_874999_cat_detected.jpg,n
2024_03_05_13_39_19_391112_cat_detected.jpg,n
2024_03_05_13_39_20_383282_cat_detected.jpg,n
2024_03_05_13_57_27_359141_cat_detected.jpg,n
2024_03_05_20_00_48_984102_cat_detected.jpg,y
2024_03_05_20_00_49_390860_cat_detected.jpg,y
2024_03_05_22_22_06_127223_cat_detected.jpg,y
2024_03_05_22_22_06_456202_cat_detected.jpg,y
2024_03_05_22_22_06_699637_cat_detected.jpg,y
2024_03_06_06_06_38_032625_cat_detected.jpg,n
2024_03_06_06_08_46_774188_cat_detected.jpg,y
2024_03_06_14_16_23_655467_cat_detected.jpg,y
2024_03_06_14_16_23_863154_cat_detected.jpg,y
2024_03_06_15_27_45_201635_cat_detected.jpg,n
2024_03_06_15_27_45_984137_cat_detected.jpg,n
2024_03_06_15_27_46_168508_cat_detected.jpg,n
2024_03_06_15_27_46_498888_cat_detected.jpg,n
2024_03_06_15_27_48_031811_cat_detected.jpg,n
2024_03_06_15_27_48_515550_cat_detected.jpg,n
2024_03_06_15_27_50_830789_cat_detected.jpg,n
2024_03_06_15_27_51_328292_cat_detected.jpg,n
2024_03_06_15_27_51_957540_cat_detected.jpg,n
2024_03_06_15_27_54_097749_cat_detected.jpg,n
2024_03_06_15_27_54_887179_cat_detected.jpg,n
2024_03_06_15_27_55_971858_cat_detected.jpg,n
2024_03_06_22_22_10_215713_cat_detected.jpg,y
2024_03_06_22_22_11_986093_cat_detected.jpg,y
2024_03_06_23_02_02_020560_cat_detected.jpg,n
2024_03_06_23_04_45_391891_cat_detected.jpg,y
2024_03_06_23_04_45_547525_cat_detected.jpg,y
2024_03_06_23_04_45_694079_cat_detected.jpg,y
2024_03_06_23_04_45_836218_cat_detected.jpg,y
2024_03_06_23_04_45_985585_cat_detected.jpg,y
2024_03_06_23_04_46_134963_cat_detected.jpg,y
2024_03_06_23_14_52_844869_cat_detected.jpg,n
2024_03_07_02_51_53_291430_cat_detected.jpg,n
2024_03_07_06_14_37_824371_cat_detected.jpg,n
2024_03_07_06_14_38_554099_cat_detected.jpg,n
2024_03_07_06_14_43_270700_cat_detected.jpg,n
2024_03_07_08_41_55_832933_cat_detected.jpg,n
2024_03_07_13_58_15_145394_cat_detected.jpg,n
2024_03_07_13_58_15_852081_cat_detected.jpg,n
2024_03_07_13_58_17_222743_cat_detected.jpg,n
2024_03_07_13_58_18_091722_cat_detected.jpg,n
2024_03_07_13_58_18_460595_cat_detected.jpg,n
2024_03_07_13_58_18_997310_cat_detected.jpg,n
2024_03_07_13_58_20_614758_cat_detected.jpg,n
2024_03_07_13_58_21_321551_cat_detected.jpg,n
2024_03_07_13_58_21_692435_cat_detected.jpg,n
2024_03_07_13_58_21_893850_cat_detected.jpg,n
2024_03_07_13_58_22_259903_cat_detected.jpg,n
2024_03_07_13_58_22_461719_cat_detected.jpg,n
2024_03_07_13_58_24_240662_cat_detected.jpg,n
2024_03_07_13_58_25_284437_cat_detected.jpg,n
2024_03_07_13_58_27_833215_cat_detected.jpg,n
2024_03_07_14_27_28_091871_cat_detected.jpg,n
2024_03_07_15_04_23_597496_cat_detected.jpg,n
2024_03_07_15_04_24_221577_cat_detected.jpg,n
2024_03_07_15_04_24_646320_cat_detected.jpg,n
2024_03_07_15_04_27_207423_cat_detected.jpg,n
2024_03_07_15_04_32_275295_cat_detected.jpg,n
2024_03_07_15_48_05_469104_cat_detected.jpg,n
2024_03_07_15_48_05_696412_cat_detected.jpg,n
2024_03_07_15_48_06_868634_cat_detected.jpg,n
2024_03_07_15_48_07_096817_cat_detected.jpg,n
2024_03_07_15_48_07_890104_cat_detected.jpg,n
2024_03_07_17_42_31_253440_cat_detected.jpg,y
2024_03_07_20_45_37_227505_cat_detected.jpg,y
2024_03_07_21_04_26_848470_cat_detected.jpg,x
2024_03_07_21_04_29_043289_cat_detected.jpg,x
2024_03_07_21_04_29_365816_cat_detected.jpg,x
2024_03_08_17_54_05_299113_cat_detected.jpg,n
2024_03_10_06_25_47_844941_cat_detected.jpg,n
2024_03_10_06_26_21_085899_cat_detected.jpg,n
2024_03_10_06_26_29_412954_cat_detected.jpg,n
2024_03_11_19_45_44_045173_cat_detected.jpg,y
2024_03_12_19_36_33_546197_cat_detected.jpg,n
2024_03_14_02_14_37_837119_cat_detected.jpg,y
2024_03_14_05_54_52_940509_cat_detected.jpg,n
2024_03_15_07_45_54_244327_cat_detected.jpg,n
2024_03_15_11_12_29_381873_cat_detected.jpg,y
2024_03_15_17_22_43_335632_cat_detected.jpg,n
2024_03_15_19_04_09_417642_cat_detected.jpg,n
2024_03_16_06_15_43_993718_cat_detected.jpg,n
2024_03_16_06_15_52_327973_cat_detected.jpg,n
2024_03_16_17_37_32_991664_cat_detected.jpg,n
2024_03_16_17_37_41_542703_cat_detected.jpg,n
2024_03_16_18_12_03_238124_cat_detected.jpg,n
2024_03_16_18_12_28_669431_cat_detected.jpg,n
2024_03_16_18_12_45_653038_cat_detected.jpg,n
2024_03_18_00_53_14_042305_cat_detected.jpg,y
2024_03_21_20_23_34_001252_cat_detected.jpg,y
2024_03_23_13_42_56_977515_cat_detected.jpg,y
2024_03_24_20_53_15_314282_cat_detected.jpg,n
2024_03_26_14_11_49_850430_cat_detected.jpg,n
2024_03_26_14_11_49_902143_cat_detected.jpg,n
2024_03_26_15_15_25_570018_cat_detected.jpg,n
2024_03_26_15_15_25_671550_cat_detected.jpg,n
2024_03_26_17_51_43_322161_cat_detected.jpg,E
2024_03_28_13_09_57_112072_cat_detected.jpg,n
2024_03_28_13_09_57_147471_cat_detected.jpg,n
2024_03_28_15_04_20_743962_cat_detected.jpg,x
2024_03_28_15_04_21_017318_cat_detected.jpg,x
2024_03_28_15_04_21_209973_cat_detected.jpg,x
2024_03_28_15_04_21_404143_cat_detected.jpg,x
2024_03_28_15_04_21_597006_cat_detected.jpg,x
2024_03_28_15_04_21_787332_cat_detected.jpg,x
2024_03_28_15_04_31_057800_cat_detected.jpg,x
2024_03_28_15_04_33_416884_cat_detected.jpg,x
2024_03_28_15_04_40_938967_cat_detected.jpg,x
2024_03_28_15_04_41_130042_cat_detected.jpg,x
2024_03_28_15_04_41_320074_cat_detected.jpg,x
2024_03_28_15_04_41_636444_cat_detected.jpg,x
2024_03_28_15_04_41_827935_cat_detected.jpg,x
2024_03_28_15_04_51_505934_cat_detected.jpg,x
2024_03_28_15_04_51_710861_cat_detected.jpg,x
2024_03_28_15_04_51_910918_cat_detected.jpg,x
2024_03_28_15_04_54_561006_cat_detected.jpg,x
2024_03_28_15_04_54_758726_cat_detected.jpg,x
2024_03_28_15_04_54_950969_cat_detected.jpg,x
2024_03_28_15_04_55_141065_cat_detected.jpg,x
2024_03_28_15_04_55_333174_cat_detected.jpg,x
2024_03_28_15_04_55_781228_cat_detected.jpg,x
2024_03_28_15_04_56_100095_cat_detected.jpg,x
2024_03_28_15_04_56_517983_cat_detected.jpg,x
2024_03_28_15_04_57_831119_cat_detected.jpg,x
2024_03_28_15_04_59_121152_cat_detected.jpg,x
2024_03_28_15_05_00_415075_cat_detected.jpg,x
2024_03_28_15_05_01_828904_cat_detected.jpg,x
2024_03_28_15_21_17_412441_cat_detected.jpg,x
2024_03_28_15_21_17_582314_cat_detected.jpg,x
2024_03_28_15_21_17_747750_cat_detected.jpg,x
2024_03_28_15_21_17_912527_cat_detected.jpg,x
2024_03_28_15_21_18_078580_cat_detected.jpg,x
2024_03_28_15_21_18_244931_cat_detected.jpg,x
2024_03_28_15_21_18_411550_cat_detected.jpg,x
2024_03_28_15_21_18_812726_cat_detected.jpg,x
2024_03_28_15_21_18_982326_cat_detected.jpg,x
2024_03_28_15_21_19_150575_cat_detected.jpg,x
2024_03_28_15_21_19_433861_cat_detected.jpg,x
2024_03_28_15_21_19_950721_cat_detected.jpg,x
2024_03_28_15_21_21_866037_cat_detected.jpg,x
2024_03_28_15_21_22_031943_cat_detected.jpg,x
2024_03_28_15_21_22_200421_cat_detected.jpg,x
2024_03_28_15_21_22_716134_cat_detected.jpg,x
2024_03_28_15_21_22_882608_cat_detected.jpg,x
2024_03_28_15_21_23_050864_cat_detected.jpg,x
2024_03_28_15_21_23_216475_cat_detected.jpg,x
2024_03_28_15_21_23_383241_cat_detected.jpg,x
2024_03_28_15_21_23_550828_cat_detected.jpg,x
2024_03_28_15_21_23_717529_cat_detected.jpg,x
2024_03_28_15_21_23_779253_cat_mouth_detected.jpg,x
2024_03_28_15_21_23_910584_cat_detected.jpg,x
2024_03_28_15_21_24_075626_cat_detected.jpg,x
2024_03_28_15_21_24_241016_cat_detected.jpg,x
2024_03_28_15_21_24_409936_cat_detected.jpg,x
2024_03_28_15_21_24_574545_cat_detected.jpg,x
2024_03_28_15_21_24_740943_cat_detected.jpg,x
2024_03_28_15_21_25_610132_cat_detected.jpg,x
2024_03_28_15_21_26_010899_cat_detected.jpg,x
2024_03_28_15_21_26_528172_cat_detected.jpg,x
2024_03_28_15_21_28_678917_cat_detected.jpg,x
2024_03_28_15_21_28_747626_cat_mouth_detected.jpg,x
2024_03_28_15_21_29_114107_cat_detected.jpg,x
2024_03_28_15_21_29_178283_cat_mouth_detected.jpg,x
2024_03_28_15_21_29_544202_cat_detected.jpg,x
2024_03_28_15_27_23_218791_cat_detected.jpg,x
2024_03_28_15_27_23_514240_cat_detected.jpg,x
2024_03_28_15_27_23_577290_cat_mouth_detected.jpg,x
2024_03_28_15_27_25_737524_cat_detected.jpg,x
2024_03_28_15_27_25_800752_cat_mouth_detected.jpg,x
2024_03_28_15_27_26_049189_cat_detected.jpg,x
2024_03_28_15_27_26_115126_cat_mouth_detected.jpg,x
2024_03_28_15_27_26_244752_cat_detected.jpg,x
2024_03_28_15_27_26_309481_cat_mouth_detected.jpg,x
2024_03_28_15_27_26_440467_cat_detected.jpg,x
2024_03_28_15_27_26_505329_cat_mouth_detected.jpg,x
2024_03_28_15_27_26_982438_cat_detected.jpg,x
2024_03_28_15_31_58_644601_cat_detected.jpg,x
2024_03_28_15_31_58_815150_cat_detected.jpg,x
2024_03_28_15_32_18_820043_cat_detected.jpg,x
2024_03_28_15_32_19_509938_cat_detected.jpg,x
2024_03_28_15_32_19_782253_cat_detected.jpg,x
2024_03_28_15_32_20_157226_cat_detected.jpg,x
2024_03_28_15_32_20_322843_cat_detected.jpg,x
2024_03_28_15_32_20_493888_cat_detected.jpg,x
2024_03_28_15_32_20_660780_cat_detected.jpg,x
2024_03_28_15_32_20_929925_cat_detected.jpg,x
2024_03_28_15_32_21_097110_cat_detected.jpg,x
2024_03_28_15_32_21_263156_cat_detected.jpg,x
2024_03_28_15_32_21_431518_cat_detected.jpg,x
2024_03_28_15_32_21_702799_cat_detected.jpg,x
2024_03_28_15_32_21_872836_cat_detected.jpg,x
2024_03_28_15_32_22_039622_cat_detected.jpg,x
2024_03_28_15_32_23_342177_cat_detected.jpg,x
2024_03_28_15_32_23_819088_cat_detected.jpg,x
2024_03_28_15_32_23_886613_cat_mouth_detected.jpg,x
2024_03_28_15_32_26_356540_cat_detected.jpg,x
2024_03_28_15_32_26_420563_cat_mouth_detected.jpg,x
2024_03_28_15_32_26_759356_cat_detected.jpg,x
2024_03_28_15_32_26_820280_cat_mouth_detected.jpg,x
2024_03_28_15_46_04_366749_cat_detected.jpg,x
2024_03_28_15_46_05_220287_cat_mouth_detected.jpg,n
2024_03_28_15_46_07_577302_cat_detected.jpg,n
2024_03_28_15_46_07_822805_cat_detected.jpg,n
2024_03_28_15_46_09_545467_cat_detected.jpg,n
